match_id,league_id,season,game_week,match_date,home_team,away_team,actual_home_goals,actual_away_goals,match_status,xg_home,xg_away,prob_home_win,prob_draw,prob_away_win,predicted_scoreline,predicted_scoreline_prob,prediction_confidence,prediction_date,predicted_outcome,actual_outcome,prediction_accuracy
UCL_2026_GS01_AEK Athens_Lask Linz,UCL,2026,1.0,2026-09-08,AEK Athens,Lask Linz,1.0,0.0,complete,1.6241790101663778,1.21980982056512,0.46200843628949684,0.23867007511014476,0.2993214886003585,1-1,0.10295386655198946,0.5682424211739256,2026-09-08 02:12:19.133269,Home Win,Home Win,Correct
UCL_2026_GS01_Club Brugge_Aston Villa,UCL,2026,1.0,2026-09-08,Club Brugge,Aston Villa,2.0,3.0,complete,1.5169183423852006,1.4956288617996443,0.38862461736684495,0.23683079846873484,0.3745445841644202,1-1,0.1054687403183377,0.641317316338296,2026-09-08 02:12:19.133269,Home Win,Away Win,Incorrect
UCL_2026_GS01_Dortmund_Villarreal,UCL,2026,1.0,2026-09-08,Dortmund,Villarreal,3.0,2.0,complete,2.1447030970467327,0.9188631456962004,0.6462786727198417,0.19508676630369565,0.15863456097646256,2-0,0.10722345927136029,0.6471999561665815,2026-09-08 02:12:19.133269,Home Win,Home Win,Correct
UCL_2026_GS01_Lille_Betis,UCL,2026,1.0,2026-09-08,Lille,Betis,2.0,3.0,complete,1.7209057517840143,1.148945427138359,0.5023579698857444,0.23298003732918665,0.26466199278506897,1-0,0.10369264234311934,0.5830010828683211,2026-09-08 02:12:19.133269,Home Win,Away Win,Incorrect
UCL_2026_GS01_Porto_Man City,UCL,2026,1.0,2026-09-08,Porto,Man City,0.0,2.0,complete,1.5735044914975416,1.2416216705813905,0.4414152542797753,0.24377520058903174,0.31480954513119297,1-1,0.10827451560471216,0.6174024797976455,2026-09-08 02:12:19.133269,Home Win,Away Win,Incorrect
UCL_2026_GS01_Real Madrid_Inter,UCL,2026,1.0,2026-09-08,Real Madrid,Inter,2.0,1.0,complete,1.7907737965714194,1.1556531831566892,0.5202296450626458,0.22998068155283408,0.24978967338452024,1-1,0.10520055672871616,0.7316704363457002,2026-09-08 02:12:19.133269,Home Win,Home Win,Correct
UCL_2026_GS01_Barcelona_Feyenoord,UCL,2026,1.0,2026-09-09,Barcelona,Feyenoord,5.0,1.0,complete,2.5447012996054745,1.2107764812048583,0.6566678784862691,0.17167382782094198,0.17165829369278893,2-1,0.0850668205354671,0.6970775674585667,2026-09-08 02:12:19.133269,Home Win,Home Win,Correct
UCL_2026_GS01_Liverpool_Ath Madrid,UCL,2026,1.0,2026-09-09,Liverpool,Ath Madrid,2.0,1.0,complete,1.7158624928759922,1.1045939961580251,0.5122466791779706,0.23743091634320526,0.2503224044788241,1-1,0.10957489452169943,0.7402635067158481,2026-09-08 02:12:19.133269,Home Win,Home Win,Correct
UCL_2026_GS01_Napoli_Arsenal,UCL,2026,1.0,2026-09-09,Napoli,Arsenal,0.0,1.0,complete,0.7605649513297541,1.4379651133348823,0.20137117115287057,0.2689349060038221,0.5296939228433074,0-1,0.16127708797536766,0.685645412375578,2026-09-08 02:12:19.133269,Away Win,Away Win,Correct
UCL_2026_GS01_Paris SG_Slovan Bratislava,UCL,2026,1.0,2026-09-09,Paris SG,Slovan Bratislava,6.0,1.0,complete,2.7004016304229705,0.8767107006555607,0.7508473063871768,0.14559238121570992,0.10356031239711333,2-0,0.10455620953226188,0.7244864674515907,2026-09-08 02:12:19.133269,Home Win,Home Win,Correct
UCL_2026_GS01_Sporting CP_Galatasaray,UCL,2026,1.0,2026-09-09,Sporting CP,Galatasaray,3.0,1.0,complete,1.6252813514695121,0.9564266149658691,0.525829365117387,0.24640793648163364,0.2277626984009794,1-0,0.12456675754437019,0.6673897293971424,2026-09-08 02:12:19.133269,Home Win,Home Win,Correct
UCL_2026_GS01_Stuttgart_Viking,UCL,2026,1.0,2026-09-09,Stuttgart,Viking,3.0,1.0,complete,1.6490461298843109,1.2751666676675404,0.45979566001239547,0.2349619598037991,0.30524238018380556,1-1,0.10222805617480471,0.5778525353343539,2026-09-08 02:12:19.133269,Home Win,Home Win,Correct
UCL_2026_GS01_Bayern Munich_Bodo/Glimt,UCL,2026,1.0,2026-09-10,Bayern Munich,Bodo/Glimt,5.0,0.0,complete,2.5363442795137967,1.2015940244628507,0.6572808489787699,0.17345945198374974,0.16925969903748034,2-1,0.08731917000762468,0.7549617485495048,2026-09-08 02:12:19.133269,Home Win,Home Win,Correct
UCL_2026_GS01_Como_RB Leipzig,UCL,2026,1.0,2026-09-10,Como,RB Leipzig,4.0,1.0,complete,1.633766773118613,1.1256027743185415,0.48201310434273176,0.24165594126651777,0.27633095439075045,1-0,0.10633744241600473,0.573851770203765,2026-09-08 02:12:19.133269,Home Win,Home Win,Correct
UCL_2026_GS01_Fenerbahce_Roma,UCL,2026,1.0,2026-09-10,Fenerbahce,Roma,1.0,1.0,complete,1.6241790101663778,1.21980982056512,0.46200843628949684,0.23867007511014476,0.2993214886003585,1-1,0.10295386655198946,0.5682424211739256,2026-09-08 02:12:19.133269,Home Win,Draw,Incorrect
UCL_2026_GS01_Man United_Sabah,UCL,2026,1.0,2026-09-10,Man United,Sabah,4.0,0.0,complete,1.6241790101663778,1.21980982056512,0.46200843628949684,0.23867007511014476,0.2993214886003585,1-1,0.10295386655198946,0.5682424211739256,2026-09-08 02:12:19.133269,Home Win,Home Win,Correct
UCL_2026_GS01_PSV_Shakhtar Donetsk,UCL,2026,1.0,2026-09-10,PSV,Shakhtar Donetsk,1.0,1.0,complete,1.8777549642448326,1.2397039019135128,0.5215444664096833,0.21979842343873235,0.25865711015158427,1-1,0.09658324847482302,0.6248876712723701,2026-09-08 02:12:19.133269,Home Win,Draw,Incorrect
UCL_2026_GS01_Slavia Praha_Lens,UCL,2026,1.0,2026-09-10,Slavia Praha,Lens,2.0,3.0,complete,1.207816225478371,1.4258459898079698,0.3285955438574662,0.25471493885060775,0.416689517291926,1-1,0.11078598896898537,0.5792562367853874,2026-09-08 02:12:19.133269,Away Win,Away Win,Correct
UCL_2026_GS02_Arsenal_Lille,UCL,2026,2.0,2026-10-13,Arsenal,Lille,,,incomplete,1.9394946044994807,0.6492745227595675,0.6733030934053938,0.20591580341631552,0.12078110317829058,1-0,0.14784101100546915,0.6946820997827357,2026-09-11 01:24:12.971165,Home Win,,
UCL_2026_GS02_Ath Madrid_Man United,UCL,2026,2.0,2026-10-13,Ath Madrid,Man United,,,incomplete,1.6842631384238953,1.4326239337803226,0.4407816161050959,0.23036005393057146,0.3288583299643326,1-1,0.10187290465609948,0.6943832433306545,2026-09-11 01:24:12.971165,Home Win,,
UCL_2026_GS02_Galatasaray_Barcelona,UCL,2026,2.0,2026-10-13,Galatasaray,Barcelona,,,incomplete,1.439687207052514,1.9869393895483056,0.28290852851837156,0.21327317132107856,0.50381830016055,1-1,0.09053298165384416,0.7482964071208292,2026-09-11 01:24:12.971165,Away Win,,
UCL_2026_GS02_Inter_Club Brugge,UCL,2026,2.0,2026-10-13,Inter,Club Brugge,,,incomplete,1.9722001992598015,1.1066259886103373,0.568141278113718,0.21540532081048117,0.2164534010758009,1-1,0.09765702798433078,0.6950764021247677,2026-09-11 01:24:12.971165,Home Win,,
UCL_2026_GS02_Lens_Sporting CP,UCL,2026,2.0,2026-10-13,Lens,Sporting CP,,,incomplete,1.5860185773967865,1.3039641958273074,0.43450902401207364,0.2414129826521806,0.3240779933357459,1-1,0.1086896623575019,0.6547402411273835,2026-09-11 01:24:12.971165,Home Win,,
UCL_2026_GS02_RB Leipzig_PSV,UCL,2026,2.0,2026-10-13,RB Leipzig,PSV,,,incomplete,1.5467564830158063,1.4989018252447441,0.38829393644116406,0.23470162979949852,0.37700443375933745,1-1,0.10376603122890629,0.6335137950505234,2026-09-11 01:24:12.971165,Home Win,,
UCL_2026_GS02_Sabah_Slavia Praha,UCL,2026,2.0,2026-10-13,Sabah,Slavia Praha,,,incomplete,1.7067067536799605,1.1295782255757176,0.49563933852565023,0.23663742865720938,0.26772323281714033,1-1,0.10395872867427326,0.5883136638656229,2026-09-11 01:24:12.971165,Home Win,,
UCL_2026_GS02_Viking_Bayern Munich,UCL,2026,2.0,2026-10-13,Viking,Bayern Munich,,,incomplete,1.3206648792541444,2.157956438426299,0.23432043212612788,0.19898974876299097,0.5666898191108811,1-2,0.08742472732745964,0.7294761316516041,2026-09-11 01:24:12.971165,Away Win,,
UCL_2026_GS02_Villarreal_Napoli,UCL,2026,2.0,2026-10-13,Villarreal,Napoli,,,incomplete,1.2932468729813398,1.1060897483690955,0.4068486002095891,0.2716281267765101,0.3215232730139009,1-1,0.11908169874318905,0.6069927492253009,2026-09-11 01:24:12.971165,Home Win,,
UCL_2026_GS02_Aston Villa_Fenerbahce,UCL,2026,2.0,2026-10-14,Aston Villa,Fenerbahce,,,incomplete,1.8622746369583636,1.0133870434398076,0.564937978365995,0.2224209073086917,0.21264111432531324,1-0,0.11032544320372313,0.6056133007543402,2026-09-11 01:24:12.971165,Home Win,,
UCL_2026_GS02_Betis_Porto,UCL,2026,2.0,2026-10-14,Betis,Porto,,,incomplete,2.0095072176253184,0.983635353662046,0.5966651764906494,0.21018851935558278,0.1931463041537677,1-0,0.106913319176392,0.5817472890127197,2026-09-11 01:24:12.971165,Home Win,,
UCL_2026_GS02_Bodo/Glimt_Dortmund,UCL,2026,2.0,2026-10-14,Bodo/Glimt,Dortmund,,,incomplete,1.7333579677643516,1.6921411975259826,0.39668440428123763,0.22063173462741,0.3826838610913524,1-1,0.09301692065488239,0.7028424408081417,2026-09-11 01:24:12.971165,Home Win,,
UCL_2026_GS02_Feyenoord_Como,UCL,2026,2.0,2026-10-14,Feyenoord,Como,,,incomplete,1.5236100717058745,1.8786142678647877,0.32475456421287446,0.21569605104894649,0.45954938473817913,1-1,0.09086423383622966,0.6065255421456902,2026-09-11 01:24:12.971165,Away Win,,
UCL_2026_GS02_Lask Linz_Liverpool,UCL,2026,2.0,2026-10-14,Lask Linz,Liverpool,,,incomplete,1.0053438298386623,1.2359775609696508,0.29898438546842293,0.28190562465574276,0.41910998987583437,0-1,0.137678167480571,0.6457829819946235,2026-09-11 01:24:12.971165,Away Win,,
UCL_2026_GS02_Man City_Paris SG,UCL,2026,2.0,2026-10-14,Man City,Paris SG,,,incomplete,1.334753532811646,1.6538355234368993,0.31131177216547384,0.23711099809067254,0.45157722974385367,1-1,0.10781645602874144,0.8046393835599925,2026-09-11 01:24:12.971165,Away Win,,
UCL_2026_GS02_Roma_Real Madrid,UCL,2026,2.0,2026-10-14,Roma,Real Madrid,,,incomplete,1.4006610364547403,1.416340798418524,0.3668563892045155,0.2465442337336388,0.3865993770618456,1-1,0.11090116958625577,0.6856108789625001,2026-09-11 01:24:12.971165,Away Win,,
UCL_2026_GS02_Shakhtar Donetsk_AEK Athens,UCL,2026,2.0,2026-10-14,Shakhtar Donetsk,AEK Athens,,,incomplete,1.2677881064513903,1.0600263261662917,0.4102581180869496,0.2759707185911298,0.31377116332192057,1-0,0.12564889679753624,0.5833134096588963,2026-09-11 01:24:12.971165,Home Win,,
UCL_2026_GS02_Slovan Bratislava_Stuttgart,UCL,2026,2.0,2026-10-14,Slovan Bratislava,Stuttgart,,,incomplete,1.4452460435198085,1.9644577451318772,0.2940976562390467,0.21163194065990865,0.4942704031010447,1-1,0.08906864703551683,0.6010144006589786,2026-09-11 01:24:12.971165,Away Win,,
UCL_2026_GS03_Fenerbahce_Slavia Praha,UCL,2026,3.0,2026-10-20,Fenerbahce,Slavia Praha,,,incomplete,1.839988425375905,0.9138124182155907,0.5730691602831005,0.2277132757375631,0.19921756397933646,1-0,0.1186443929372435,0.5928423774057406,2026-09-11 01:24:12.971165,Home Win,,
UCL_2026_GS03_Liverpool_Villarreal,UCL,2026,3.0,2026-10-20,Liverpool,Villarreal,,,incomplete,2.1176538882986855,0.7143864072583436,0.6893539498402559,0.19041446992753325,0.1202315802322109,2-0,0.1294197011758859,0.6652929427745539,2026-09-11 01:24:12.971165,Home Win,,
UCL_2026_GS03_Man City_AEK Athens,UCL,2026,3.0,2026-10-20,Man City,AEK Athens,,,incomplete,1.4654603385647913,0.9855679165491835,0.4824023219662725,0.25999494656103544,0.25760273147269214,1-0,0.13107284628457577,0.6309073476364395,2026-09-11 01:24:12.971165,Home Win,,
UCL_2026_GS03_Napoli_Bodo/Glimt,UCL,2026,3.0,2026-10-20,Napoli,Bodo/Glimt,,,incomplete,1.442165741335326,1.2377040296362662,0.4153293681120222,0.2538894484457206,0.33078118344225726,1-1,0.11480763306217664,0.6401271208022044,2026-09-11 01:24:12.971165,Home Win,,
UCL_2026_GS03_Paris SG_Barcelona,UCL,2026,3.0,2026-10-20,Paris SG,Barcelona,,,incomplete,2.3879434496232355,1.5120070550003735,0.5676299941076393,0.19083753041688484,0.24153247547547588,2-1,0.08449430356950977,0.8822338457338239,2026-09-11 01:24:12.971165,Home Win,,
UCL_2026_GS03_Porto_PSV,UCL,2026,3.0,2026-10-20,Porto,PSV,,,incomplete,1.388306943093689,1.3586984857413191,0.37535644980559313,0.24977182934481923,0.37487172084958764,1-1,0.11112200718905041,0.6233757324805663,2026-09-11 01:24:12.971165,Home Win,,
UCL_2026_GS03_Roma_Slovan Bratislava,UCL,2026,3.0,2026-10-20,Roma,Slovan Bratislava,,,incomplete,2.245634477553964,0.9869677181121068,0.6334675472059296,0.19317641095889984,0.17335604183517053,1-0,0.09511828211244971,0.582387556763635,2026-09-11 01:24:12.971165,Home Win,,
UCL_2026_GS03_Sabah_Dortmund,UCL,2026,3.0,2026-10-20,Sabah,Dortmund,,,incomplete,1.4363275104828142,1.7367205751312993,0.32037449470166546,0.22486274735987624,0.45476275793845833,1-1,0.09754819946336671,0.6501981084513078,2026-09-11 01:24:12.971165,Away Win,,
UCL_2026_GS03_Stuttgart_Ath Madrid,UCL,2026,3.0,2026-10-20,Stuttgart,Ath Madrid,,,incomplete,1.7272913082461805,1.4733521012595172,0.43349648201070556,0.2278448355961607,0.3386586823931338,1-1,0.10004296940610911,0.6994239466056449,2026-09-11 01:24:12.971165,Home Win,,
UCL_2026_GS03_Aston Villa_Viking,UCL,2026,3.0,2026-10-21,Aston Villa,Viking,,,incomplete,2.127284628902232,1.0648534111422092,0.6062786660729118,0.20038024691935963,0.19334108700772856,1-0,0.093996026902661,0.6055997349725668,2026-09-11 01:24:12.971165,Home Win,,
UCL_2026_GS03_Bayern Munich_Arsenal,UCL,2026,3.0,2026-10-21,Bayern Munich,Arsenal,,,incomplete,1.3183862738065864,1.1678558900200027,0.40166745311874674,0.2682900812872541,0.3300424655939992,1-1,0.12444073333993141,0.8276387555818117,2026-09-11 01:24:12.971165,Home Win,,
UCL_2026_GS03_Betis_Feyenoord,UCL,2026,3.0,2026-10-21,Betis,Feyenoord,,,incomplete,2.3983861019858264,1.2002955385556549,0.6194949448161329,0.18492855209422757,0.19557650308963964,2-1,0.08268004808483806,0.6019155558240132,2026-09-11 01:24:12.971165,Home Win,,
UCL_2026_GS03_Club Brugge_Lens,UCL,2026,3.0,2026-10-21,Club Brugge,Lens,,,incomplete,1.6991047826537458,1.7204197127441776,0.39072479451558745,0.2186625930721417,0.3906126124122708,1-1,0.09184838469674078,0.6445694039830091,2026-09-11 01:24:12.971165,Home Win,,
UCL_2026_GS03_Como_Man United,UCL,2026,3.0,2026-10-21,Como,Man United,,,incomplete,1.722224265921603,1.4339052535663512,0.44369097811643365,0.22690060602994508,0.3294084158536213,1-1,0.09876369689725296,0.6044721294948676,2026-09-11 01:24:12.971165,Home Win,,
UCL_2026_GS03_Inter_Shakhtar Donetsk,UCL,2026,3.0,2026-10-21,Inter,Shakhtar Donetsk,,,incomplete,1.5752115118008498,0.9593730163057802,0.5151412683089706,0.249984775367593,0.23487395632343658,1-0,0.12882713476756263,0.6429049258080768,2026-09-11 01:24:12.971165,Home Win,,
UCL_2026_GS03_Lille_Galatasaray,UCL,2026,3.0,2026-10-21,Lille,Galatasaray,,,incomplete,1.7823033655458147,1.1916339065125172,0.5047358576207025,0.2300456469497356,0.2652184954295619,1-1,0.10336713068599232,0.6363005480176734,2026-09-11 01:24:12.971165,Home Win,,
UCL_2026_GS03_Real Madrid_RB Leipzig,UCL,2026,3.0,2026-10-21,Real Madrid,RB Leipzig,,,incomplete,2.3904435070438064,0.9859140432031811,0.6781591755569601,0.17546988853538942,0.14637093590765057,2-0,0.09964979585017608,0.6912202279923394,2026-09-11 01:24:12.971165,Home Win,,
UCL_2026_GS03_Sporting CP_Lask Linz,UCL,2026,3.0,2026-10-21,Sporting CP,Lask Linz,,,incomplete,1.5820993885593324,0.8527131116815013,0.5436228304137558,0.24956593436496444,0.2068112352212799,1-0,0.1433574840358615,0.6411541005070303,2026-09-11 01:24:12.971165,Home Win,,
UCL_2026_GS04_Ath Madrid_Bayern Munich,UCL,2026,4.0,2026-11-03,Ath Madrid,Bayern Munich,,,incomplete,1.6611933931556244,1.8874373563527749,0.34624686424884926,0.21658690661154684,0.43716622913960385,1-1,0.0890084435721385,0.8329869518895175,2026-09-11 01:24:12.971165,Away Win,,
UCL_2026_GS04_Barcelona_Aston Villa,UCL,2026,4.0,2026-11-03,Barcelona,Aston Villa,,,incomplete,2.338575970400679,1.4082532728738144,0.5803360477466641,0.19037407006021895,0.22928988219311677,2-1,0.08573887641437015,0.7368423532376362,2026-09-11 01:24:12.971165,Home Win,,
UCL_2026_GS04_Bodo/Glimt_Lille,UCL,2026,4.0,2026-11-03,Bodo/Glimt,Lille,,,incomplete,1.7547461580208308,1.4919496372426218,0.44234293531840635,0.2244064989666414,0.33325056571495226,1-1,0.0972882549012265,0.6446486604510177,2026-09-11 01:24:12.971165,Home Win,,
UCL_2026_GS04_Feyenoord_Inter,UCL,2026,4.0,2026-11-03,Feyenoord,Inter,,,incomplete,1.385958477420713,1.5520128762842358,0.3423298627874999,0.23983273645962128,0.4178374007528788,1-1,0.10770518979113974,0.6525038267473311,2026-09-11 01:24:12.971165,Away Win,,
UCL_2026_GS04_Galatasaray_Stuttgart,UCL,2026,4.0,2026-11-03,Galatasaray,Stuttgart,,,incomplete,1.50229488234647,1.4030193963353148,0.4015616523843186,0.24194925576490164,0.35648909185077976,1-1,0.10865776506968823,0.6356941985328767,2026-09-11 01:24:12.971165,Home Win,,
UCL_2026_GS04_Lask Linz_Slovan Bratislava,UCL,2026,4.0,2026-11-03,Lask Linz,Slovan Bratislava,,,incomplete,1.9843220818855507,0.9874484012565712,0.5832562006055341,0.21508386492255968,0.20165993447190625,1-0,0.10567460496117696,0.5778588432235172,2026-09-11 01:24:12.971165,Home Win,,
UCL_2026_GS04_Man United_Roma,UCL,2026,4.0,2026-11-03,Man United,Roma,,,incomplete,1.8240259060538289,1.005527981992903,0.5554715160208624,0.22655675275074055,0.21797173122839703,1-0,0.1123235830280976,0.5908859888745144,2026-09-11 01:24:12.971165,Home Win,,
UCL_2026_GS04_Shakhtar Donetsk_Sporting CP,UCL,2026,4.0,2026-11-03,Shakhtar Donetsk,Sporting CP,,,incomplete,1.2156709682667604,1.2414542016297623,0.35558318922007853,0.2690245621672837,0.37539224861263776,1-1,0.12016225913156178,0.6517234663790695,2026-09-11 01:24:12.971165,Away Win,,
UCL_2026_GS04_Villarreal_Paris SG,UCL,2026,4.0,2026-11-03,Villarreal,Paris SG,,,incomplete,1.0203817459422673,2.190717247557864,0.17019582209935716,0.1929918263944317,0.6368123515062111,0-2,0.0989821033230456,0.7659860404903405,2026-09-11 01:24:12.971165,Away Win,,
UCL_2026_GS04_AEK Athens_Real Madrid,UCL,2026,4.0,2026-11-04,AEK Athens,Real Madrid,,,incomplete,1.3337181732132695,1.3384211090924525,0.3651930363527631,0.2549742936796086,0.37983266996762827,1-1,0.11492123433177365,0.6855837880353136,2026-09-11 01:24:12.971165,Away Win,,
UCL_2026_GS04_Dortmund_Betis,UCL,2026,4.0,2026-11-04,Dortmund,Betis,,,incomplete,1.9623143793330244,1.507056084488476,0.48636821499564625,0.21169519754607113,0.30193658745828256,1-1,0.08833630022779589,0.6637029762901018,2026-09-11 01:24:12.971165,Home Win,,
UCL_2026_GS04_Fenerbahce_Liverpool,UCL,2026,4.0,2026-11-04,Fenerbahce,Liverpool,,,incomplete,1.0828629344191771,1.2930947399589852,0.3103727888559568,0.27237328438330494,0.4172539267607382,0-1,0.12622077192211884,0.6503116955347412,2026-09-11 01:24:12.971165,Away Win,,
UCL_2026_GS04_Lens_Como,UCL,2026,4.0,2026-11-04,Lens,Como,,,incomplete,1.8320828427856533,1.5040918890018957,0.4529675206145193,0.21842634006788272,0.3286061393175981,1-1,0.09277255975131914,0.5999434159547499,2026-09-11 01:24:12.971165,Home Win,,
UCL_2026_GS04_PSV_Club Brugge,UCL,2026,4.0,2026-11-04,PSV,Club Brugge,,,incomplete,2.060669286513937,1.352664847024567,0.5326533064023842,0.20942536418204236,0.2579213294155734,1-1,0.08987629658677256,0.6861165746692965,2026-09-11 01:24:12.971165,Home Win,,
UCL_2026_GS04_Porto_Napoli,UCL,2026,4.0,2026-11-04,Porto,Napoli,,,incomplete,1.3012457650555946,0.9871772366979257,0.4297441024510872,0.27796649648239197,0.2922894010665208,1-0,0.12920511262765866,0.5874827884453705,2026-09-11 01:24:12.971165,Home Win,,
UCL_2026_GS04_RB Leipzig_Man City,UCL,2026,4.0,2026-11-04,RB Leipzig,Man City,,,incomplete,1.2916506815255013,1.476305507094124,0.3324971349186295,0.2479774047574627,0.4195254603239078,1-1,0.11151380213152973,0.6365437875934652,2026-09-11 01:24:12.971165,Away Win,,
UCL_2026_GS04_Slavia Praha_Arsenal,UCL,2026,4.0,2026-11-04,Slavia Praha,Arsenal,,,incomplete,0.6377330556237061,1.7097247431569993,0.13906698966517525,0.23311705514311937,0.6278159551917054,0-1,0.16490439017060055,0.6909914355541747,2026-09-11 01:24:12.971165,Away Win,,
UCL_2026_GS04_Viking_Sabah,UCL,2026,4.0,2026-11-04,Viking,Sabah,,,incomplete,1.834907407135932,1.1241501937335818,0.5283065045252721,0.2247882856550549,0.24690520981967307,1-0,0.10095762799918731,0.5727575689322701,2026-09-11 01:24:12.971165,Home Win,,
UCL_2026_GS05_Arsenal_Dortmund,UCL,2026,5.0,2026-11-24,Arsenal,Dortmund,,,incomplete,1.9158545586655857,0.7363949432609558,0.6461891112704213,0.2128943103273079,0.14091657840227076,1-0,0.13611889580878753,0.7528758801398597,2026-09-11 01:24:12.971165,Home Win,,
UCL_2026_GS05_Bodo/Glimt_Lask Linz,UCL,2026,5.0,2026-11-24,Bodo/Glimt,Lask Linz,,,incomplete,1.5114690470977357,1.1863304689356462,0.4511005632068931,0.2485350830736835,0.3003643537194233,1-1,0.11048482228104983,0.6208867535307596,2026-09-11 01:24:12.971165,Home Win,,
UCL_2026_GS05_Como_AEK Athens,UCL,2026,5.0,2026-11-24,Como,AEK Athens,,,incomplete,1.7236775067977186,1.0614455043603919,0.5215957600655585,0.23481632391093488,0.24358791602350657,1-0,0.11099801732115605,0.5908588979473279,2026-09-11 01:24:12.971165,Home Win,,
UCL_2026_GS05_Feyenoord_Porto,UCL,2026,5.0,2026-11-24,Feyenoord,Porto,,,incomplete,1.672482055817227,1.2285565878232272,0.47649536317188507,0.23469096847988413,0.28881366834823075,1-1,0.10291353455059392,0.5884106879852193,2026-09-11 01:24:12.971165,Home Win,,
UCL_2026_GS05_Galatasaray_Aston Villa,UCL,2026,5.0,2026-11-24,Galatasaray,Aston Villa,,,incomplete,1.365733725111878,1.5113100219244262,0.348065021513437,0.24360214646592185,0.4083328320206412,1-1,0.11000682343292381,0.6453808071377121,2026-09-11 01:24:12.971165,Away Win,,
UCL_2026_GS05_Man City_Napoli,UCL,2026,5.0,2026-11-24,Man City,Napoli,,,incomplete,1.6916863118865717,0.8350189966329199,0.5710520628205531,0.2392033016046392,0.1897446355748076,1-0,0.1374458023581568,0.645646092294953,2026-09-11 01:24:12.971165,Home Win,,
UCL_2026_GS05_RB Leipzig_Lens,UCL,2026,5.0,2026-11-24,RB Leipzig,Lens,,,incomplete,1.459184256901017,1.6662534765494694,0.3442721833991725,0.2284932735090313,0.42723454309179615,1-1,0.09910964638729175,0.591966624364236,2026-09-11 01:24:12.971165,Away Win,,
UCL_2026_GS05_Real Madrid_PSV,UCL,2026,5.0,2026-11-24,Real Madrid,PSV,,,incomplete,2.1948582541750676,1.168046300237988,0.602073307184431,0.1979165435607619,0.20001014925480712,2-1,0.09183755108908288,0.7362154767290229,2026-09-11 01:24:12.971165,Home Win,,
UCL_2026_GS05_Slovan Bratislava_Betis,UCL,2026,5.0,2026-11-24,Slovan Bratislava,Betis,,,incomplete,1.4428861446870134,2.080131491101529,0.28004910570248587,0.2046940638501987,0.5152568304473154,1-1,0.08474430475699953,0.5913637110623111,2026-09-11 01:24:12.971165,Away Win,,
UCL_2026_GS05_Ath Madrid_Viking,UCL,2026,5.0,2026-11-25,Ath Madrid,Viking,,,incomplete,2.132869762712776,1.1138452973034338,0.6039087350941423,0.19897832522114237,0.1971129396847153,2-0,0.09204199217258578,0.6807835369285279,2026-09-11 01:24:12.971165,Home Win,,
UCL_2026_GS05_Club Brugge_Liverpool,UCL,2026,5.0,2026-11-25,Club Brugge,Liverpool,,,incomplete,1.2416503609716354,1.6168190431398444,0.29770293838019496,0.2420228479060924,0.4602742137137127,1-1,0.11085057598361842,0.7085238241833537,2026-09-11 01:24:12.971165,Away Win,,
UCL_2026_GS05_Inter_Stuttgart,UCL,2026,5.0,2026-11-25,Inter,Stuttgart,,,incomplete,1.6572414185752238,1.1811048625317475,0.4841041589249113,0.23904580389502492,0.2768500371800638,1-1,0.10832112000052532,0.6554911173714989,2026-09-11 01:24:12.971165,Home Win,,
UCL_2026_GS05_Lille_Bayern Munich,UCL,2026,5.0,2026-11-25,Lille,Bayern Munich,,,incomplete,1.4674650160177172,2.096312787590336,0.2723121320572824,0.20521498719810533,0.5224728807446123,1-2,0.08611442538046046,0.7487228908135177,2026-09-11 01:24:12.971165,Away Win,,
UCL_2026_GS05_Paris SG_Roma,UCL,2026,5.0,2026-11-25,Paris SG,Roma,,,incomplete,2.2657605297008727,0.9166160992643139,0.6743957163213952,0.1820227404485512,0.14358154323005354,2-0,0.10952424654087652,0.7510047932505277,2026-09-11 01:24:12.971165,Home Win,,
UCL_2026_GS05_Sabah_Barcelona,UCL,2026,5.0,2026-11-25,Sabah,Barcelona,,,incomplete,1.3193591799287827,2.27296251707447,0.2206337285412172,0.19037260631712327,0.5889936651416595,1-2,0.08565353959109447,0.7040001871973396,2026-09-11 01:24:12.971165,Away Win,,
UCL_2026_GS05_Shakhtar Donetsk_Fenerbahce,UCL,2026,5.0,2026-11-25,Shakhtar Donetsk,Fenerbahce,,,incomplete,1.4042773238443311,1.0595405915220049,0.44530570265266456,0.2635346514037868,0.29115964594354865,1-0,0.12200935987699918,0.5833405005860828,2026-09-11 01:24:12.971165,Home Win,,
UCL_2026_GS05_Slavia Praha_Villarreal,UCL,2026,5.0,2026-11-25,Slavia Praha,Villarreal,,,incomplete,1.4965171234640187,1.2138772866080971,0.4356755407650586,0.25001242552651726,0.31431203370842403,1-1,0.1117621306316129,0.6078236246455533,2026-09-11 01:24:12.971165,Home Win,,
UCL_2026_GS05_Sporting CP_Man United,UCL,2026,5.0,2026-11-25,Sporting CP,Man United,,,incomplete,1.4930728610184696,1.241319615725015,0.43319006050041264,0.24952413275224172,0.3172858067473457,1-1,0.11316261762854044,0.6592689546675012,2026-09-11 01:24:12.971165,Home Win,,
UCL_2026_GS06_AEK Athens_Galatasaray,UCL,2026,6.0,2026-12-08,AEK Athens,Galatasaray,,,incomplete,1.5271829686051448,0.9694855909700609,0.4901669031357183,0.25731695572502483,0.2525161411392569,1-0,0.12353276386523501,0.6170402637103467,2026-09-11 01:24:12.971165,Home Win,,
UCL_2026_GS06_Aston Villa_Paris SG,UCL,2026,6.0,2026-12-08,Aston Villa,Paris SG,,,incomplete,1.5313149715850796,1.701297085335585,0.3476839814585705,0.22754137750669953,0.42477464103473,1-1,0.09945552234972524,0.7793182457507067,2026-09-11 01:24:12.971165,Away Win,,
UCL_2026_GS06_Barcelona_Man City,UCL,2026,6.0,2026-12-08,Barcelona,Man City,,,incomplete,2.27333606072785,1.2274881823405817,0.6049925263762206,0.1931045878227871,0.20190288580099233,2-1,0.09076323154479089,0.762163491046922,2026-09-11 01:24:12.971165,Home Win,,
UCL_2026_GS06_Bayern Munich_Slavia Praha,UCL,2026,6.0,2026-12-08,Bayern Munich,Slavia Praha,,,incomplete,3.2762515615259313,0.8130079398483534,0.8316022904101513,0.10465651250327539,0.06374119708657332,3-0,0.0973990364686875,0.7450322265849569,2026-09-11 01:24:12.971165,Home Win,,
UCL_2026_GS06_Man United_RB Leipzig,UCL,2026,6.0,2026-12-08,Man United,RB Leipzig,,,incomplete,2.3120645408404195,0.9424144443804466,0.6608837444940383,0.18486146828609704,0.15425478721986463,2-0,0.0993119262029597,0.5964953379043537,2026-09-11 01:24:12.971165,Home Win,,
UCL_2026_GS06_Napoli_Club Brugge,UCL,2026,6.0,2026-12-08,Napoli,Club Brugge,,,incomplete,1.4972017952159655,1.267838796374519,0.4221457165061764,0.24885822092135818,0.3289960625724654,1-1,0.11271258399343656,0.6502236306341007,2026-09-11 01:24:12.971165,Home Win,,
UCL_2026_GS06_Roma_Sporting CP,UCL,2026,6.0,2026-12-08,Roma,Sporting CP,,,incomplete,1.2849067518786415,1.1876282825596132,0.3829590772997612,0.26770094438107417,0.34933997831916463,1-1,0.11888217764424792,0.645682814047148,2026-09-11 01:24:12.971165,Home Win,,
UCL_2026_GS06_Viking_Feyenoord,UCL,2026,6.0,2026-12-08,Viking,Feyenoord,,,incomplete,1.9447870674567407,1.3071154266701805,0.5109836369958949,0.2158277547044283,0.27318860829967684,1-1,0.09310080480801255,0.5929258357435636,2026-09-11 01:24:12.971165,Home Win,,
UCL_2026_GS06_Villarreal_Sabah,UCL,2026,6.0,2026-12-08,Villarreal,Sabah,,,incomplete,1.5339144443563502,1.210390016417609,0.44832024857573655,0.2458096104737023,0.30587014095056114,1-1,0.10794619313565147,0.5877523819538562,2026-09-11 01:24:12.971165,Home Win,,
UCL_2026_GS06_Arsenal_Real Madrid,UCL,2026,6.0,2026-12-09,Arsenal,Real Madrid,,,incomplete,1.6493692403259284,0.7770323354523001,0.5768388772027011,0.24437607661364594,0.17878504618365287,1-0,0.14563548113141545,0.7837599371109343,2026-09-11 01:24:12.971165,Home Win,,
UCL_2026_GS06_Betis_Como,UCL,2026,6.0,2026-12-09,Betis,Como,,,incomplete,1.8306357460101652,1.5040995490812752,0.45264865163798035,0.21850189150871216,0.32884945685330746,1-1,0.09281997202846241,0.5998621431731906,2026-09-11 01:24:12.971165,Home Win,,
UCL_2026_GS06_Dortmund_Inter,UCL,2026,6.0,2026-12-09,Dortmund,Inter,,,incomplete,1.7017229090942652,1.2985162953146305,0.468169502616007,0.23457774840116294,0.29725274898283,1-1,0.1062956788450919,0.7142912472134196,2026-09-11 01:24:12.971165,Home Win,,
UCL_2026_GS06_Lask Linz_Fenerbahce,UCL,2026,6.0,2026-12-09,Lask Linz,Fenerbahce,,,incomplete,1.3115400188786817,1.0140955833875334,0.42840507163453345,0.2747826338220827,0.2968122945433839,1-0,0.12782390492874593,0.5727711347140434,2026-09-11 01:24:12.971165,Home Win,,
UCL_2026_GS06_Lens_Bodo/Glimt,UCL,2026,6.0,2026-12-09,Lens,Bodo/Glimt,,,incomplete,2.206535981314375,1.2457507630486993,0.575546224134385,0.19965270212455424,0.22480107374106076,1-1,0.08592866309788655,0.6344728941511129,2026-09-11 01:24:12.971165,Home Win,,
UCL_2026_GS06_Liverpool_Porto,UCL,2026,6.0,2026-12-09,Liverpool,Porto,,,incomplete,1.8899910398913915,0.7188049756619189,0.6451918170438673,0.21347297627967005,0.14133520667646263,1-0,0.1433680626853598,0.6457829819946235,2026-09-11 01:24:12.971165,Home Win,,
UCL_2026_GS06_PSV_Ath Madrid,UCL,2026,6.0,2026-12-09,PSV,Ath Madrid,,,incomplete,1.6466032713941712,1.5592164879551076,0.40140647559490156,0.22987963124624183,0.36871389315885655,1-1,0.10109259455558751,0.7314017004768241,2026-09-11 01:24:12.971165,Home Win,,
UCL_2026_GS06_Slovan Bratislava_Shakhtar Donetsk,UCL,2026,6.0,2026-12-09,Slovan Bratislava,Shakhtar Donetsk,,,incomplete,1.3737094545309312,1.5956650523922158,0.33705780798588236,0.23583461511460588,0.4271075768995117,1-1,0.10336636611928876,0.5884282090955565,2026-09-11 01:24:12.971165,Away Win,,
UCL_2026_GS06_Stuttgart_Lille,UCL,2026,6.0,2026-12-09,Stuttgart,Lille,,,incomplete,1.9184439924231995,1.301529775992786,0.5117670020736823,0.21781930120874657,0.2704136967175712,1-1,0.09503551834030192,0.6151598855296452,2026-09-11 01:24:12.971165,Home Win,,
UCL_2026_GS07_AEK Athens_Roma,UCL,2026,7.0,2027-01-19,AEK Athens,Roma,,,incomplete,1.3502315393589144,1.0063764628756928,0.4413543571450446,0.2713686162935673,0.287277026561388,1-0,0.12857276040316423,0.5772727573269748,2026-09-11 01:24:12.971165,Home Win,,
UCL_2026_GS07_Aston Villa_Dortmund,UCL,2026,7.0,2027-01-19,Aston Villa,Dortmund,,,incomplete,2.041328847595365,1.3419841616186534,0.5279343698537672,0.2110994995918171,0.2609661305544158,1-1,0.09118215976679496,0.6830402744916045,2026-09-11 01:24:12.971165,Home Win,,
UCL_2026_GS07_Bodo/Glimt_Ath Madrid,UCL,2026,7.0,2027-01-19,Bodo/Glimt,Ath Madrid,,,incomplete,1.5799042343161345,1.6889103680536777,0.3626739348479622,0.22690017366925327,0.4104258914827846,1-1,0.09865621779324686,0.7289127215270174,2026-09-11 01:24:12.971165,Away Win,,
UCL_2026_GS07_Galatasaray_Feyenoord,UCL,2026,7.0,2027-01-19,Galatasaray,Feyenoord,,,incomplete,1.8732963941356358,1.2364702419160771,0.5190738413311946,0.22146801643334899,0.25945814223545643,1-1,0.09814475102512145,0.6327069079087089,2026-09-11 01:24:12.971165,Home Win,,
UCL_2026_GS07_Inter_Liverpool,UCL,2026,7.0,2027-01-19,Inter,Liverpool,,,incomplete,1.2090743220373665,1.1762692110243909,0.3696609118929914,0.2753811069048885,0.3549579812021202,1-1,0.125114999776051,0.7098761207567352,2026-09-11 01:24:12.971165,Home Win,,
UCL_2026_GS07_Lille_Slovan Bratislava,UCL,2026,7.0,2027-01-19,Lille,Slovan Bratislava,,,incomplete,2.4955176384349174,1.1463822508809451,0.6505575992424153,0.1757024888582176,0.1737399118993671,2-1,0.08246635721920484,0.6016207501437753,2026-09-11 01:24:12.971165,Home Win,,
UCL_2026_GS07_Porto_Slavia Praha,UCL,2026,7.0,2027-01-19,Porto,Slavia Praha,,,incomplete,1.6262767212593494,1.0031010559922038,0.5048439542634456,0.24670537941521023,0.24845066632134413,1-0,0.11701266779378083,0.5883136638656229,2026-09-11 01:24:12.971165,Home Win,,
UCL_2026_GS07_Real Madrid_Lask Linz,UCL,2026,7.0,2027-01-19,Real Madrid,Lask Linz,,,incomplete,1.886778838190147,0.9295320684244993,0.5962412298343897,0.21738500806251065,0.18637376210309975,1-0,0.11913672479453405,0.6810821654223823,2026-09-11 01:24:12.971165,Home Win,,
UCL_2026_GS07_Stuttgart_Club Brugge,UCL,2026,7.0,2027-01-19,Stuttgart,Club Brugge,,,incomplete,2.1616476838113394,1.2781750385908626,0.5631164533853842,0.20279505616688992,0.2340884904477258,1-1,0.08729848144511737,0.6541388207981172,2026-09-11 01:24:12.971165,Home Win,,
UCL_2026_GS07_Betis_Arsenal,UCL,2026,7.0,2027-01-20,Betis,Arsenal,,,incomplete,0.9594935132790214,1.3769166425329522,0.26339121622119055,0.2704242784515169,0.46618450532729255,0-1,0.1371294939398622,0.6844250607012716,2026-09-11 01:24:12.971165,Away Win,,
UCL_2026_GS07_Como_Paris SG,UCL,2026,7.0,2027-01-20,Como,Paris SG,,,incomplete,1.569939889249693,1.7811621622689158,0.34184103943182687,0.221237021395025,0.43692193917314825,1-1,0.09440021138257862,0.764590933870881,2026-09-11 01:24:12.971165,Away Win,,
UCL_2026_GS07_Fenerbahce_Villarreal,UCL,2026,7.0,2027-01-20,Fenerbahce,Villarreal,,,incomplete,1.7374938858779656,0.931966093841392,0.547418606102154,0.23721819106541026,0.21536320283243574,1-0,0.12108150032515895,0.5922810954939739,2026-09-11 01:24:12.971165,Home Win,,
UCL_2026_GS07_Lens_Man City,UCL,2026,7.0,2027-01-20,Lens,Man City,,,incomplete,1.7011161316263803,1.2787699556306558,0.46612580744336973,0.23427621693192963,0.2995979756247006,1-1,0.10480330594407881,0.6399918656438615,2026-09-11 01:24:12.971165,Home Win,,
UCL_2026_GS07_Man United_Bayern Munich,UCL,2026,7.0,2027-01-20,Man United,Bayern Munich,,,incomplete,1.6986345582309017,1.70407333213968,0.3831584870179593,0.22058561739641483,0.3962558955856258,1-1,0.09324660630572722,0.7430758380537307,2026-09-11 01:24:12.971165,Away Win,,
UCL_2026_GS07_RB Leipzig_Shakhtar Donetsk,UCL,2026,7.0,2027-01-20,RB Leipzig,Shakhtar Donetsk,,,incomplete,1.3892332569242445,1.2771703976756028,0.39694621230303845,0.2538895568225668,0.3491642308743947,1-1,0.11189974988131396,0.588949849615922,2026-09-11 01:24:12.971165,Home Win,,
UCL_2026_GS07_Sabah_Napoli,UCL,2026,7.0,2027-01-20,Sabah,Napoli,,,incomplete,1.3656008884503137,1.1116466329057972,0.42017348700454576,0.26499722147957644,0.3148292915158778,1-1,0.11459193181258157,0.5874827884453705,2026-09-11 01:24:12.971165,Home Win,,
UCL_2026_GS07_Sporting CP_Barcelona,UCL,2026,7.0,2027-01-20,Sporting CP,Barcelona,,,incomplete,1.6666036569300264,1.5918281474220959,0.399841298795862,0.22829547973055395,0.371863221473584,1-1,0.09969279158266375,0.7769118665304442,2026-09-11 01:24:12.971165,Home Win,,
UCL_2026_GS07_Viking_PSV,UCL,2026,7.0,2027-01-20,Viking,PSV,,,incomplete,1.6505193503002824,1.4138955672553166,0.42617705032449604,0.23245861479993782,0.341364334875566,1-1,0.10238880580813829,0.6278908802389107,2026-09-11 01:24:12.971165,Home Win,,
UCL_2026_GS08_Arsenal_Sabah,UCL,2026,8.0,2027-01-27,Arsenal,Sabah,,,incomplete,2.160491433800656,0.5158014643224975,0.7468302274612395,0.1732696819624941,0.07990009057626635,2-0,0.15798558304648533,0.6709201928624776,2026-09-11 01:24:12.971165,Home Win,,
UCL_2026_GS08_Ath Madrid_Fenerbahce,UCL,2026,8.0,2027-01-27,Ath Madrid,Fenerbahce,,,incomplete,1.8671639935108817,1.0600110596189078,0.5616360024684007,0.2207850957771071,0.21757890175449213,1-0,0.1063566151409189,0.6807971027103012,2026-09-11 01:24:12.971165,Home Win,,
UCL_2026_GS08_Barcelona_Como,UCL,2026,8.0,2027-01-27,Barcelona,Como,,,incomplete,2.4483572375293705,1.4437741602973666,0.594040768776598,0.18286380301870972,0.2230954282046924,2-1,0.08281353692063868,0.7221150413578106,2026-09-11 01:24:12.971165,Home Win,,
UCL_2026_GS08_Bayern Munich_Betis,UCL,2026,8.0,2027-01-27,Bayern Munich,Betis,,,incomplete,2.6385096889104145,1.2232012087971746,0.6712892907773729,0.16506109348456682,0.16364961573806025,2-1,0.08357639469015164,0.7384658517320537,2026-09-11 01:24:12.971165,Home Win,,
UCL_2026_GS08_Club Brugge_Bodo/Glimt,UCL,2026,8.0,2027-01-27,Club Brugge,Bodo/Glimt,,,incomplete,1.9508871812982493,1.4849379932323925,0.48418456774183527,0.21482870640762672,0.300986725850538,1-1,0.09089958546761161,0.6836275957194897,2026-09-11 01:24:12.971165,Home Win,,
UCL_2026_GS08_Dortmund_AEK Athens,UCL,2026,8.0,2027-01-27,Dortmund,AEK Athens,,,incomplete,1.688909005283835,1.1635014971477182,0.4982590948123721,0.23528815757136803,0.26645274761625976,1-1,0.10549401833893846,0.6546997310642392,2026-09-11 01:24:12.971165,Home Win,,
UCL_2026_GS08_Feyenoord_RB Leipzig,UCL,2026,8.0,2027-01-27,Feyenoord,RB Leipzig,,,incomplete,1.8450645470365232,1.3687735816784112,0.4839833121754023,0.22048166845494388,0.2955350193696538,1-1,0.09526538705065438,0.5985487505551763,2026-09-11 01:24:12.971165,Home Win,,
UCL_2026_GS08_Lask Linz_Porto,UCL,2026,8.0,2027-01-27,Lask Linz,Porto,,,incomplete,1.4396906320032725,0.8963100080687393,0.48662467713032576,0.26732611476199875,0.24604920810767547,1-0,0.13870227714298852,0.5682424211739256,2026-09-11 01:24:12.971165,Home Win,,
UCL_2026_GS08_Liverpool_Lens,UCL,2026,8.0,2027-01-27,Liverpool,Lens,,,incomplete,1.806034435039491,1.0547181257696812,0.5471870223560743,0.22732377117185376,0.22548920647207193,1-0,0.10820309263292938,0.6593691226149767,2026-09-11 01:24:12.971165,Home Win,,
UCL_2026_GS08_Man City_Sporting CP,UCL,2026,8.0,2027-01-27,Man City,Sporting CP,,,incomplete,1.4052171492018182,1.1542519282672383,0.42579189860024197,0.2614153331243387,0.3127927682754193,1-1,0.11994164870138319,0.6993174043566127,2026-09-11 01:24:12.971165,Home Win,,
UCL_2026_GS08_Napoli_Viking,UCL,2026,8.0,2027-01-27,Napoli,Viking,,,incomplete,1.3678269052937786,1.1618570179040135,0.41667552915232814,0.2615367133042789,0.32178775754339295,1-1,0.11454174519279504,0.5919979362037149,2026-09-11 01:24:12.971165,Home Win,,
UCL_2026_GS08_PSV_Stuttgart,UCL,2026,8.0,2027-01-27,PSV,Stuttgart,,,incomplete,1.7315820639702093,1.443702790861375,0.4467745639165809,0.22712810574095593,0.32609733034246313,1-1,0.09951865967128137,0.6465312899160277,2026-09-11 01:24:12.971165,Home Win,,
UCL_2026_GS08_Paris SG_Galatasaray,UCL,2026,8.0,2027-01-27,Paris SG,Galatasaray,,,incomplete,2.5626944646396326,0.8830155845941139,0.7300748937107309,0.15757864447409212,0.11234646181517705,2-0,0.10515264612732295,0.7907722996338997,2026-09-11 01:24:12.971165,Home Win,,
UCL_2026_GS08_Roma_Lille,UCL,2026,8.0,2027-01-27,Roma,Lille,,,incomplete,1.6470384293087728,1.1834694053276578,0.4729174458938971,0.2398207378448778,0.28726181626122516,1-1,0.10614415318241849,0.5965330416343015,2026-09-11 01:24:12.971165,Home Win,,
UCL_2026_GS08_Shakhtar Donetsk_Real Madrid,UCL,2026,8.0,2027-01-27,Shakhtar Donetsk,Real Madrid,,,incomplete,1.32518796084689,1.4805324704348926,0.3380535579380412,0.24658792591013212,0.41535851615182673,1-1,0.11151646195516951,0.6916515312944216,2026-09-11 01:24:12.971165,Away Win,,
UCL_2026_GS08_Slavia Praha_Aston Villa,UCL,2026,8.0,2027-01-27,Slavia Praha,Aston Villa,,,incomplete,1.1621856828590482,1.8216990553212222,0.251353464483722,0.22626188335882716,0.5223846521574509,1-1,0.10113237729114094,0.6211558299059197,2026-09-11 01:24:12.971165,Away Win,,
UCL_2026_GS08_Slovan Bratislava_Inter,UCL,2026,8.0,2027-01-27,Slovan Bratislava,Inter,,,incomplete,1.2512737171416743,1.7922920489778948,0.27244740669958717,0.22634603567421152,0.5012065576262013,1-1,0.10045666431250093,0.641951981985629,2026-09-11 01:24:12.971165,Away Win,,
UCL_2026_GS08_Villarreal_Man United,UCL,2026,8.0,2027-01-27,Villarreal,Man United,,,incomplete,1.1193589101077568,1.7636131268082536,0.25198108363777444,0.2316919031215842,0.5163270132406413,1-1,0.10336495765649635,0.6058672361143271,2026-09-11 01:24:12.971165,Away Win,,
